# Решения: одно решение — одна строка, с якорем в обеих половинах.
#
# Засеяно scripts/seed-facts-decisions.py, проверяется
# scripts/check-facts-decisions.sh: дата в реестре обязана совпасть с
# датой на обеих строках-якорях, а якорь — существовать.
#
# Строки, которые скрипт сопоставить не смог, в реестр НЕ попадают:
# угаданная пара хуже отсутствующей.
#
id	date	ru	en	subject_ru	subject_en
chat.2026-08-12.1840	2026-08-12	xor.ad/docs/chat_RU.md:2729	xor.ad/docs/chat_EN.md:2765	Определение «есть личность»	"Has an identity" is defined
chat.2026-08-17.1840	2026-08-17	xor.ad/docs/chat_RU.md:2729	xor.ad/docs/chat_EN.md:2765	Определение «есть личность»	"Has an identity" is defined
chat.2026-08-18.686	2026-08-18	xor.ad/docs/chat_RU.md:1311	xor.ad/docs/chat_EN.md:1330	Он спрашивается при регистрации — возвращено 26.08.2026, отменяет пере	It is asked for at registration — restored 2026-08-26, overriding the 
chat.2026-08-18.729	2026-08-18	xor.ad/docs/chat_RU.md:1356	xor.ad/docs/chat_EN.md:1376	Счётчик попыток снят с личности — исправлено 18.08.2026.	The attempt counter has been taken off the identity — corrected 2026-0
chat.2026-08-19.444	2026-08-19	xor.ad/docs/chat_RU.md:944	xor.ad/docs/chat_EN.md:956	ECDSA P-256, решено 19.08.2026 по замеру ниже.	ECDSA P-256, decided 2026-08-19 on the measurement below.
chat.2026-08-19.477	2026-08-19	xor.ad/docs/chat_RU.md:977	xor.ad/docs/chat_EN.md:989	Померено на живых браузерах — 19.08.2026.	Measured against real browsers — 2026-08-19.
chat.2026-08-20.33	2026-08-20	xor.ad/docs/chat_RU.md:33	xor.ad/docs/chat_EN.md:33	Под-разделов не будет — решено 20.08.2026.	No sub-sections — decided 2026-08-20.
chat.2026-08-20.57	2026-08-20	xor.ad/docs/chat_RU.md:57	xor.ad/docs/chat_EN.md:57	Последний кадр — решено 20.08.2026: надгробие видит только тот, кто см	The last frame — decided 2026-08-20: only the person who was looking s
chat.2026-08-20.60	2026-08-20	xor.ad/docs/chat_RU.md:60	xor.ad/docs/chat_EN.md:60	Набор сроков — четыре, решено 26.08.2026:	The set of spans is four, settled 2026-08-26:
chat.2026-08-20.375	2026-08-20	xor.ad/docs/chat_RU.md:866	xor.ad/docs/chat_EN.md:875	Имя меняется только на чистом счету — решено 20.08.2026, сужено 21.08.	The name changes only on a clean slate — decided 2026-08-20, narrowed 
chat.2026-08-20.376	2026-08-20	xor.ad/docs/chat_RU.md:867	xor.ad/docs/chat_EN.md:876	Имя проходит ту же очередь модерации, что и фраза, — в момент первой п	The name goes through the same moderation queue as a phrase — at the f
chat.2026-08-20.403	2026-08-20	xor.ad/docs/chat_RU.md:867	xor.ad/docs/chat_EN.md:876	Имя проходит ту же очередь модерации	The name goes through the same moderation queue
chat.2026-08-20.770	2026-08-20	xor.ad/docs/chat_RU.md:1407	xor.ad/docs/chat_EN.md:1428	Про имя такого сообщения нет и быть не может	There is no such message for a name, and there cannot be
chat.2026-08-20.1897	2026-08-20	xor.ad/docs/chat_RU.md:2786	xor.ad/docs/chat_EN.md:2825	Окна с непроверенным именем нет — решено 20.08.2026.	There is no unchecked-name window — decided 2026-08-20.
chat.2026-08-25.1389	2026-08-25	xor.ad/docs/chat_RU.md:2186	xor.ad/docs/chat_EN.md:2226	Но узел считает не символы, а байты.	The node, however, counts bytes and not characters.
chat.2026-08-28.705	2026-08-28	xor.ad/docs/chat_RU.md:1332	xor.ad/docs/chat_EN.md:1351	Код рождается на устройстве — записано 28.08.2026.	The code is born on the device — recorded 2026-08-28.
chat.2026-08-28.817	2026-08-28	xor.ad/docs/chat_RU.md:1461	xor.ad/docs/chat_EN.md:1482	области, которую человек выбирает сам	an area the person chooses themselves
chat.2026-08-29.105	2026-08-29	xor.ad/docs/chat_RU.md:267	xor.ad/docs/chat_EN.md:245	Три из них — предложения, а не действия (29.08.2026).	Three of them are proposals rather than actions (2026-08-29).
chat.2026-08-29.119	2026-08-29	xor.ad/docs/chat_RU.md:286	xor.ad/docs/chat_EN.md:267	Доска управляется и с клавиатуры (29.08.2026).	The board is operable from a keyboard too (2026-08-29).
chat.2026-08-29.329	2026-08-29	xor.ad/docs/chat_RU.md:819	xor.ad/docs/chat_EN.md:827	Что человек принял — отдельная таблица, а не колонка (решено 29.08.202	What a person accepted is a table of its own, not a column (decided 20
chat.2026-08-29.595	2026-08-29	xor.ad/docs/chat_RU.md:1149	xor.ad/docs/chat_EN.md:1164	Строка «сеть» убрана — решено 29.08.2026, и цена названа.	The "network" line was removed — decided 2026-08-29, and the price is 
chat.2026-08-30.135	2026-08-30	xor.ad/docs/chat_RU.md:304	xor.ad/docs/chat_EN.md:286	Стол не занимает квоту публикаций и сам ничем не ограничен — решено 30	A table takes no posting quota and is itself unlimited — decided 2026-
chat.2026-08-30.136	2026-08-30	xor.ad/docs/chat_RU.md:305	xor.ad/docs/chat_EN.md:287	Стикеры за столом работают, как в беседе, но видны узлу (30.08.2026).	Stickers work at a table as they do in a conversation, but the node se
chat.2026-08-30.381	2026-08-30	xor.ad/docs/chat_RU.md:872	xor.ad/docs/chat_EN.md:881	Закрытая личность удаляется через 30 дней — решено 30.08.2026 по ревью	A closed identity is deleted after 30 days — decided 2026-08-30 from a
chat.2026-08-30.386	2026-08-30	xor.ad/docs/chat_RU.md:880	xor.ad/docs/chat_EN.md:889	20 минут, час или 4 часа	20 minutes, an hour, or 4 hours
chat.2026-08-31.144	2026-08-31	xor.ad/docs/chat_RU.md:314	xor.ad/docs/chat_EN.md:296	Схема стола — заведена 31.08.2026.	The table's schema — established 2026-08-31.
chat.2026-08-31.200	2026-08-31	xor.ad/docs/chat_RU.md:521	xor.ad/docs/chat_EN.md:514	`ON DELETE SET NULL`, а не `CASCADE` — решено 31.08.2026 по панели рев	`ON DELETE SET NULL`, not `CASCADE` — decided 2026-08-31 by a review p
chat.2026-08-31.215	2026-08-31	xor.ad/docs/chat_RU.md:546	xor.ad/docs/chat_EN.md:540	Срок молчания — 60 минут, число названо 31.08.2026.	The span of silence is 60 minutes — the number named on 2026-08-31.
chat.2026-08-31.817	2026-08-31	xor.ad/docs/chat_RU.md:1461	xor.ad/docs/chat_EN.md:1482	области, которую человек выбирает сам	an area the person chooses themselves
chat.2026-08-31.861	2026-08-31	xor.ad/docs/chat_RU.md:1524	xor.ad/docs/chat_EN.md:1545	Зачем — решено 31.08.2026.	Why — decided 2026-08-31.
chat.2026-08-31.865	2026-08-31	xor.ad/docs/chat_RU.md:1536	xor.ad/docs/chat_EN.md:1558	Как считается клетка — записано 31.08.2026, потому что наивная реализа	How the cell is computed — written down on 2026-08-31, because a naive
chat.2026-08-31.880	2026-08-31	xor.ad/docs/chat_RU.md:1551	xor.ad/docs/chat_EN.md:1573	Насколько — посчитано 31.08.2026, и прежняя формулировка «общее с сотн	By how much was computed on 2026-08-31, and the earlier wording "share
SPEC.2026-08-28.124	2026-08-28	xor.ad/docs/dsa/SPEC_RU.md:133	xor.ad/docs/dsa/SPEC_EN.md:140	Стол добавлен 28.08.2026 — следствие, а не новое решение.	The table was added on 2026-08-28 — a consequence, not a new decision.
SPEC.2026-08-29.207	2026-08-29	xor.ad/docs/dsa/SPEC_RU.md:304	xor.ad/docs/dsa/SPEC_EN.md:319	Записано 29.08.2026, и это вывод не юриста.	Recorded 2026-08-29, and this is not a lawyer's conclusion.
SPEC.2026-08-27.482	2026-08-27	xor.ad/docs/offers/SPEC_RU.md:544	xor.ad/docs/offers/SPEC_EN.md:568	В ленте с 27.08.2026 три сущности	Since 2026-08-27 the feed holds three things
SPEC.2026-08-29.280	2026-08-29	xor.ad/docs/offers/SPEC_RU.md:342	xor.ad/docs/offers/SPEC_EN.md:351	Срок — единственное ограничение со своим полем (правка 29.08.2026).	The term is the one limit with a field of its own (edit of 2026-08-29)
app-prototype-spec.2026-08-26.144	2026-08-26	xor.ad/docs/app-prototype-spec_RU.md:144	xor.ad/docs/app-prototype-spec_EN.md:144	свой у каждого	each person's own
app-prototype-spec.2026-08-26.147	2026-08-26	xor.ad/docs/app-prototype-spec_RU.md:147	xor.ad/docs/app-prototype-spec_EN.md:147	ступень	**band** of density
app-prototype-spec.2026-08-27.119	2026-08-27	xor.ad/docs/app-prototype-spec_RU.md:119	xor.ad/docs/app-prototype-spec_EN.md:119	Список закрыт 27.08.2026: эти экраны написаны.	Closed on 2026-08-27: these screens are written.
app-prototype-spec.2026-08-27.142	2026-08-27	xor.ad/docs/app-prototype-spec_RU.md:142	xor.ad/docs/app-prototype-spec_EN.md:142	выбирает	chooses
app-prototype-spec.2026-08-27.145	2026-08-27	xor.ad/docs/app-prototype-spec_RU.md:145	xor.ad/docs/app-prototype-spec_EN.md:145	без счётчика	without one
design-system-app.2026-08-31.3	2026-08-31	xor.ad/docs/design-system-app_RU.md:3	xor.ad/docs/design-system-app_EN.md:3	Решено 31.08.2026, первое решение этапа 1.	Decided 2026-08-31, the first decision of stage 1.
design-system-app.2026-08-31.102	2026-08-31	xor.ad/docs/design-system-app_RU.md:496	xor.ad/docs/design-system-app_EN.md:514	Шкала отступов заведена 31.08.2026 — и её не наследуют.	A spacing scale exists as of 2026-08-31 — and the storefronts do not i
test-map.2026-08-26.129	2026-08-26	xor.ad/docs/test-map_RU.md:144	xor.ad/docs/test-map_EN.md:143	Фраза выходит, только когда приняты и она, и имя	A phrase goes out only when both it and the name are accepted
test-map.2026-08-26.154	2026-08-26	xor.ad/docs/test-map_RU.md:169	xor.ad/docs/test-map_EN.md:168	Узел отдаёт ступень, а не точное число	The node returns a step, not an exact number
test-map.2026-08-26.163	2026-08-26	xor.ad/docs/test-map_RU.md:178	xor.ad/docs/test-map_EN.md:177	Лайк недоступен без своей живой фразы	Liking is unavailable without a live phrase of one's own
test-map.2026-08-26.195	2026-08-26	xor.ad/docs/test-map_RU.md:210	xor.ad/docs/test-map_EN.md:209	Бумажный код на этом шаге не спрашивается	The paper code is not asked for at this step
test-map.2026-08-26.275	2026-08-26	xor.ad/docs/test-map_RU.md:293	xor.ad/docs/test-map_EN.md:292	Исключение названо: колоду и кости узел видит	The exception is named: the node sees decks and dice
test-map.2026-08-27.126	2026-08-27	xor.ad/docs/test-map_RU.md:136	xor.ad/docs/test-map_EN.md:135	Число, обещанное правилами сообщества, совпадает с конфигом	The number promised by the community rules matches the config
test-map.2026-08-28.125	2026-08-28	xor.ad/docs/test-map_RU.md:135	xor.ad/docs/test-map_EN.md:134	Рабочая точка живёт в конфиге узла, а не в коде	The operating point lives in the node's config, not in code
test-map.2026-08-28.175	2026-08-28	xor.ad/docs/test-map_RU.md:190	xor.ad/docs/test-map_EN.md:189	«Не сейчас» гасит карточку только у отказавшегося	"Not now" clears the card for the refuser only
test-map.2026-08-28.290	2026-08-28	xor.ad/docs/test-map_RU.md:309	xor.ad/docs/test-map_EN.md:308	Уведомление по ст. 16 принимается на реплику за столом	An Article 16 notice is accepted about a line at a table
test-map.2026-08-29.176	2026-08-29	xor.ad/docs/test-map_RU.md:191	xor.ad/docs/test-map_EN.md:190	Принятая редакция сверяется хэшем	The accepted revision is checked by hash
test-map.2026-08-29.177	2026-08-29	xor.ad/docs/test-map_RU.md:192	xor.ad/docs/test-map_EN.md:191	Дата документа держится против его текста	A document's date is held against its text
test-map.2026-08-29.178	2026-08-29	xor.ad/docs/test-map_RU.md:193	xor.ad/docs/test-map_EN.md:192	Отказ `legal_reacceptance_required`	The `legal_reacceptance_required` refusal
test-map.2026-08-29.179	2026-08-29	xor.ad/docs/test-map_RU.md:194	xor.ad/docs/test-map_EN.md:193	Стикер несёт имя во все три лица	A sticker carries a name into all three faces
test-map.2026-08-29.180	2026-08-29	xor.ad/docs/test-map_RU.md:195	xor.ad/docs/test-map_EN.md:194	У скидки свой срок, у карточки свой	The discount has its own term, the card has its own
test-map.2026-08-29.181	2026-08-29	xor.ad/docs/test-map_RU.md:196	xor.ad/docs/test-map_EN.md:195	Доска ходит с клавиатуры и говорит словами	The board moves from a keyboard and speaks in words
test-map.2026-08-29.182	2026-08-29	xor.ad/docs/test-map_RU.md:197	xor.ad/docs/test-map_EN.md:196	Заново и отмена — по согласию всех	Play-again and undo take everyone's agreement
test-map.2026-08-30.183	2026-08-30	xor.ad/docs/test-map_RU.md:198	xor.ad/docs/test-map_EN.md:197	Стол не тратит квоту	A table spends no quota
test-map.2026-08-30.184	2026-08-30	xor.ad/docs/test-map_RU.md:199	xor.ad/docs/test-map_EN.md:198	Отлучка уносит и то, что в очереди	A break takes what is in the queue too
test-map.2026-08-31.134	2026-08-31	xor.ad/docs/test-map_RU.md:149	xor.ad/docs/test-map_EN.md:148	Зона — только одна из пяти ступеней	A zone is one of five steps and nothing else
test-map.2026-08-31.185	2026-08-31	xor.ad/docs/test-map_RU.md:200	xor.ad/docs/test-map_EN.md:199	Координаты в выдаче округлены до клетки	Coordinates in a response are rounded to a cell
test-map.2026-08-31.186	2026-08-31	xor.ad/docs/test-map_RU.md:201	xor.ad/docs/test-map_EN.md:200	Радиус — только ступень	The radius is a step and nothing else
neighbro-legal.2026-08-29.12	2026-08-29	neighbro.place/docs/15-legal-documents_RU.md:22	neighbro.place/docs/15-legal-documents_EN.md:23	Кто оператор и куда писать	Who the operator is and where to write
sosed-legal.2026-08-29.12	2026-08-29	sosed.place/docs/15-legal-documents_RU.md:22	sosed.place/docs/15-legal-documents_EN.md:23	Кто оператор и куда писать	Who the operator is and where to write
dsa-README.2027-08-05.81	2027-08-05	xor.ad/docs/dsa/README_RU.md:97	xor.ad/docs/dsa/README_EN.md:100	Следующая проверка	Next check
neighbro-seo.2026-07-27.42	2026-07-27	neighbro.place/docs/SEO_AND_ANALYTICS_RU.md:42	neighbro.place/docs/SEO_AND_ANALYTICS_EN.md:45	Свой счётчик просмотров	Our own page counter
open-work.2026-07-28.56	2026-07-28	xor.ad/docs/open-work_RU.md:56	xor.ad/docs/open-work_EN.md:59	включён во всех средах	in every environment
api-platform.2026-07-29.146	2026-07-29	xor.ad/docs/api-platform_RU.md:147	xor.ad/docs/api-platform_EN.md:151	Самостоятельной регистрации не будет	There will be no self-service registration
dsa-CHECKLIST.2026-08-05.42	2026-08-05	xor.ad/docs/dsa/CHECKLIST_RU.md:42	xor.ad/docs/dsa/CHECKLIST_EN.md:43	Разграничение доступа	Access control
article-30.2026-08-07.246	2026-08-07	xor.ad/docs/article-30-register_RU.md:326	xor.ad/docs/article-30-register_EN.md:338	Push-уведомления отменены	Push notifications cancelled
dsa-CHECKLIST.2026-08-09.63	2026-08-09	xor.ad/docs/dsa/CHECKLIST_RU.md:63	xor.ad/docs/dsa/CHECKLIST_EN.md:67	Сквозная проверка на staging	An end-to-end check on staging
open-work.2026-08-10.548	2026-08-10	xor.ad/docs/open-work_RU.md:548	xor.ad/docs/open-work_EN.md:558	Механизм уведомлений по ст. 16 DSA	Art. 16 notice mechanism
open-work.2026-08-11.1368	2026-08-11	xor.ad/docs/open-work_RU.md:1713	xor.ad/docs/open-work_EN.md:1793	стал фактом, а не намерением	became a fact rather than an intention
deployment.2026-08-13.149	2026-08-13	xor.ad/docs/deployment_RU.md:169	xor.ad/docs/deployment_EN.md:179	стояло 0664	until 2026-08-13
open-work.2026-08-14.265	2026-08-14	xor.ad/docs/open-work_RU.md:265	xor.ad/docs/open-work_EN.md:269	Первая половина была закрыта	The first half was closed
open-work.2026-08-16.991	2026-08-16	xor.ad/docs/open-work_RU.md:991	xor.ad/docs/open-work_EN.md:1026	включить Shield Basic	turn on Shield Basic
chat.2026-08-21.248	2026-08-21	xor.ad/docs/chat_RU.md:698	xor.ad/docs/chat_EN.md:704	Сокет авторизуется билетом	The socket is authorised by a ticket
panel.2026-08-23.11	2026-08-23	xor.ad/docs/panel_RU.md:11	xor.ad/docs/panel_EN.md:11	Банов в коде нет нигде	Bans are named nowhere in the code
open-work.2026-09-01.1024	2026-09-01	xor.ad/docs/open-work_RU.md:1024	xor.ad/docs/open-work_EN.md:1061	Режим Shield решён 01.09.2026	The Shield mode was decided 2026-09-01
migrations-step1.2026-09-02.40	2026-09-02	xor.ad/docs/migrations-step1_RU.md:57	xor.ad/docs/migrations-step1_EN.md:61	Номера прыгают, и это не опечатка (правка 02.09.2026).	The numbers jump, and it is not a typo (fixed 2026-09-02).
screens.2026-09-03.47	2026-09-03	sosed.place/docs/11-empty-and-edge-states_RU.md:108	sosed.place/docs/11-empty-and-edge-states_EN.md:110	Написаны 03.09.2026, до рисования — и это решение.	Written 2026-09-03, before the drawing — and that is a decision.
open-work.2026-09-03.1062	2026-09-03	xor.ad/docs/open-work_RU.md:1102	xor.ad/docs/open-work_EN.md:1143	Правило найдено 03.09.2026 — `952100`	The rule was found on 2026-09-03 — `952100`
open-work.2026-09-03.1092	2026-09-03	xor.ad/docs/open-work_RU.md:1132	xor.ad/docs/open-work_EN.md:1176	Решено замером 03.09.2026	Settled by measurement on 2026-09-03
open-work.2026-09-03.1035	2026-09-03	xor.ad/docs/open-work_RU.md:1035	xor.ad/docs/open-work_EN.md:1072	Блокирует с 03.09.2026 — `panel-prod`	Blocking since 2026-09-03 — `panel-prod`
chat.2026-09-03.854	2026-09-03	xor.ad/docs/chat_RU.md:1497	xor.ad/docs/chat_EN.md:1518	Панель ревью 03.09.2026 показала, что единой границы у трёх поверхностей быть не может	A review panel on 2026-09-03 showed that one boundary cannot serve all three surfaces
ontology.2026-09-03.54	2026-09-03	xor.ad/docs/facts/ontology_RU.md:54	xor.ad/docs/facts/ontology_EN.md:55	Четвёртый вид срока — «с запуском» — заведён 03.09.2026.	A fourth kind of due date — `с запуском`, "on launch" — was added on 2026-09-03.
ontology.2026-09-03.62	2026-09-03	xor.ad/docs/facts/ontology_RU.md:62	xor.ad/docs/facts/ontology_EN.md:64	Адрес открытого пункта держится якорем, а не номером — с 03.09.2026.	An open item's address is held by an anchor, not by a line number — since 2026-09-03.
ontology.2026-09-03.100	2026-09-03	xor.ad/docs/facts/ontology_RU.md:100	xor.ad/docs/facts/ontology_EN.md:105	С 03.09.2026 пробы есть у всех шести ворот	Since 2026-09-03 all six gates have a probe that
ontology.2026-09-03.89	2026-09-03	xor.ad/docs/facts/ontology_RU.md:89	xor.ad/docs/facts/ontology_EN.md:93	Номер строки в `declared_in` сверяется с объявлением — с 03.09.2026.	Since 2026-09-03 the line number in `declared_in` is reconciled against the
open-work.2026-09-04.1179	2026-09-20	xor.ad/docs/open-work_RU.md:1179	xor.ad/docs/open-work_EN.md:1227	Закрыть пока нечем, и перемерено 20.09.2026	Nothing can close it yet, and it was re-measured 2026-09-20
open-work.2026-09-04.1184	2026-09-04	xor.ad/docs/open-work_RU.md:1185	xor.ad/docs/open-work_EN.md:1234	(заведены 04.09.2026).** Ворота спрашивают узел сами	(filed 2026-09-04).** The gate asks the
chat.2026-09-07.937	2026-09-07	xor.ad/docs/chat_RU.md:1649	xor.ad/docs/chat_EN.md:1672	Правка 07.09.2026 по панели ревью.	Edited 2026-09-07 after a review panel.
refusal-wordings.2026-09-07.86	2026-09-07	xor.ad/docs/refusal-wordings_RU.md:120	xor.ad/docs/refusal-wordings_EN.md:130	«За час», а не «подряд» — правка 07.09.2026	rather than "in a row" — edited 2026-09-07
test-map.2026-09-07.128	2026-09-07	xor.ad/docs/test-map_RU.md:141	xor.ad/docs/test-map_EN.md:140	Успешная публикация счётчик отказов не обнуляет	A successful publication does not zero the refusal counter
test-map.2026-09-07.129	2026-09-07	xor.ad/docs/test-map_RU.md:143	xor.ad/docs/test-map_EN.md:142	Отлучка не снимает ни часовой предел, ни паузу	Stepping away lifts neither the hourly limit nor the pause
chat.2026-09-07.852	2026-09-07	xor.ad/docs/chat_RU.md:1491	xor.ad/docs/chat_EN.md:1512	Граница снимка — по видимости для заявителя. Решено 07.09.2026.	The snapshot is bounded by what the notifier could see. Decided 2026-09-07.
article-30-register.2026-09-08.124	2026-09-08	xor.ad/docs/article-30-register_RU.md:170	xor.ad/docs/article-30-register_EN.md:178	До 08.09.2026 здесь	Until 2026-09-08 this
refusal-wordings.2026-09-15.219	2026-09-15	xor.ad/docs/refusal-wordings_RU.md:228	xor.ad/docs/refusal-wordings_EN.md:244	Предел ожидания — 10 минут. Решено 15.09.2026.	The waiting limit is 10 minutes. Decided 2026-09-15.
refusal-wordings.2026-09-08.170	2026-09-08	xor.ad/docs/refusal-wordings_RU.md:236	xor.ad/docs/refusal-wordings_EN.md:253	Время освобождения слота не показывается. Решено	The time a slot frees is not shown. Decided
chat.2026-09-08.143	2026-09-08	xor.ad/docs/chat_RU.md:312	xor.ad/docs/chat_EN.md:294	по сидящим сейчас, и она пересчитывается. Решено	is its current sitters', and it is recomputed. Decided
protocol.2026-09-08.222	2026-09-08	xor.ad/docs/protocol_RU.md:491	xor.ad/docs/protocol_EN.md:506	пауза 15 минут. Решено	pause. Decided 2026-09-08.** Fifty wrong paper codes
chat.2026-09-08.197	2026-09-08	xor.ad/docs/chat_RU.md:502	xor.ad/docs/chat_EN.md:496	не держит — решено 08.09.2026.	equal — decided 2026-09-08.
chat.2026-09-08.256	2026-09-08	xor.ad/docs/chat_RU.md:652	xor.ad/docs/chat_EN.md:653	Высадка выпроваживает, но не запирает — решено 08.09.2026.	Being shown out is not being locked out — decided 2026-09-08.
chat.2026-09-09.302	2026-09-09	xor.ad/docs/chat_RU.md:572	xor.ad/docs/chat_EN.md:568	после блокировки. Решено 09.09.2026.	counted after blocks. Decided 2026-09-09.
chat.2026-09-09.314	2026-09-09	xor.ad/docs/chat_RU.md:592	xor.ad/docs/chat_EN.md:593	Сесть за стол и играть за столом — разные вещи, решено 09.09.2026.	2026-09-09.** Someone who sits down
chat.2026-09-09.204	2026-09-09	xor.ad/docs/chat_RU.md:362	xor.ad/docs/chat_EN.md:344	За одним столом одновременно — решено 09.09.2026.	One table at a time — decided 2026-09-09.
chat.2026-09-09.066	2026-09-09	xor.ad/docs/chat_RU.md:66	xor.ad/docs/chat_EN.md:66	Минимальные правила вводятся — решено 09.09.2026	Minimal rules are introduced — decided 2026-09-09
chat.2026-09-09.097	2026-09-09	xor.ad/docs/chat_RU.md:132	xor.ad/docs/chat_EN.md:132	Ходы и состояние игры не шифруются — решено 09.09.2026.	Moves and game state are not encrypted — decided 2026-09-09.
chat.2026-09-10.461	2026-09-10	xor.ad/docs/chat_RU.md:585	xor.ad/docs/chat_EN.md:584	записано 10.09.2026).	one (a consequence, written down 2026-09-10).
chat.2026-09-11.706	2026-09-11	xor.ad/docs/chat_RU.md:748	xor.ad/docs/chat_EN.md:754	**Поэтому v1 раздаёт из памяти процесса — решено 11.09.2026.**	**So v1 fans out from process memory — decided 2026-09-11.**
chat.2026-09-11.1010	2026-09-11	xor.ad/docs/chat_RU.md:1098	xor.ad/docs/chat_EN.md:1113	**Заморозка сжигает долю хранилища — решено 11.09.2026.**	**Freezing burns the vault share — decided 2026-09-11.**
chat.2026-09-11.1028	2026-09-11	xor.ad/docs/chat_RU.md:1116	xor.ad/docs/chat_EN.md:1131	**64 МБ и t=3 — замерено 11.09.2026, а не выбрано на глаз.**	**64 MB and t=3 are measured as of 2026-09-11, not guessed.**
chat.2026-09-11.1182	2026-09-11	xor.ad/docs/chat_RU.md:1319	xor.ad/docs/chat_EN.md:1338	**Этим же закрыто вытеснение хранилища браузером — записано 11.09.2026.**	**This also covers the browser evicting the storage — written down 2026-09-11.**
chat.2026-09-11.2520	2026-09-11	xor.ad/docs/chat_RU.md:2835	xor.ad/docs/chat_EN.md:2876	**Первая миграция несёт десять таблиц, а не двадцать четыре — решено 11.09.2026.**	**The first migration carries ten tables, not twenty-four — decided 2026-09-11.**
chat.2026-09-12.2044	2026-09-12	xor.ad/docs/chat_RU.md:2301	xor.ad/docs/chat_EN.md:2325	**Состояния «доставлено» и «прочитано» не существует — решено 12.09.2026.**	**There is no "delivered" and no "read" state — decided 2026-09-12.**
chat.2026-09-11.2255	2026-09-11	xor.ad/docs/chat_RU.md:2529	xor.ad/docs/chat_EN.md:2558	**Доставка при возвращении собеседника есть — решено 11.09.2026, уточнено	**Delivery when the other person returns does happen — decided 2026-09-11,
chat.2026-09-14.1206	2026-09-14	xor.ad/docs/chat_RU.md:1297	xor.ad/docs/chat_EN.md:1316	Десятая неверная попытка закрывает вход на этом устройстве до бумажного кода, но долю не сжигает — решено 14.09.2026	The tenth wrong attempt locks access on this device until the paper code, but does not burn the share — decided 2026-09-14
protocol.2026-09-14.240	2026-09-14	xor.ad/docs/protocol_RU.md:507	xor.ad/docs/protocol_EN.md:523	С 14.09.2026 у паузы вторая цена, и она тоже принята.	Since 2026-09-14 the pause has a second price, and it is accepted too.
chat.2026-09-14.2681	2026-09-14	xor.ad/docs/chat_RU.md:2871	xor.ad/docs/chat_EN.md:2913	Номер обращения случайный, ответ — только владельцу, предел — три в сутки со строкой почты — решено 14.09.2026	The request number is random, the answer goes only to its owner, the cap is three a day with an email line — decided 2026-09-14
legal-review-brief.2026-09-15.244	2026-09-15	xor.ad/docs/legal-review-brief_RU.md:278	xor.ad/docs/legal-review-brief_EN.md:284	в продукте с личностью — галочка, до которой нельзя публиковать	inside the product, with an identity, a checkbox that publishing waits for
screens.2026-09-15.23	2026-09-15	sosed.place/docs/22-appearance_RU.md:23	sosed.place/docs/22-appearance_EN.md:23	Выбор хранится у личности на узле	The choice is kept with the identity on the node
screens.2026-09-15.43	2026-09-15	sosed.place/docs/22-appearance_RU.md:43	sosed.place/docs/22-appearance_EN.md:43	Можно ли выбрать свой цвет	Can one pick one's own colour
chat.2026-09-15.2564	2026-09-15	xor.ad/docs/chat_RU.md:2724	xor.ad/docs/chat_EN.md:2760	перебирает акцентный цвет по кругу набора витрины	cycles the accent colour round the storefront's set
depth-client.2026-09-15.853	2026-09-15	xor.ad/docs/depth-client_RU.md:1262	xor.ad/docs/depth-client_EN.md:1319	шестнадцать цветов эмулятора	the emulator's sixteen colours
design-system-app.2026-09-15.120	2026-09-15	xor.ad/docs/design-system-app_RU.md:514	xor.ad/docs/design-system-app_EN.md:533	токены из него не берутся	and no tokens are taken from it
chat.2026-09-15.762	2026-09-15	xor.ad/docs/chat_RU.md:803	xor.ad/docs/chat_EN.md:811	Оформление — по строке на лицо, а не колонки личности	Appearance — one row per face, not columns on the identity
screens.2026-09-15.41	2026-09-15	sosed.place/docs/23-phrase-viewer_RU.md:46	sosed.place/docs/23-phrase-viewer_EN.md:46	~~Что делает свайп~~	~~What a swipe does~~
screens.2026-09-15.40	2026-09-15	sosed.place/docs/24-hints_RU.md:41	sosed.place/docs/24-hints_EN.md:41	~~Отдельный проход или по месту~~	~~A separate walk-through or in place~~
screens.2026-09-15.34	2026-09-15	sosed.place/docs/03-feed-screen_RU.md:37	sosed.place/docs/03-feed-screen_EN.md:37	## Широкий экран (решено 15.09.2026)	## Wide screen (decided 2026-09-15)
screens.2026-09-15.167	2026-09-15	sosed.place/docs/00-mechanics_RU.md:169	sosed.place/docs/00-mechanics_EN.md:185	(решено 15.09.2026 по сверке экранов). Доля решена	(decided 2026-09-15 by the screen cross-check). The share
chat.2026-09-15.1852	2026-09-15	xor.ad/docs/chat_RU.md:1967	xor.ad/docs/chat_EN.md:2006	Лайк снимается, пока из него не вышел мэтч — решено 15.09.2026.	A like can be taken back until a match has come of it — decided 2026-09-15.
protocol.2026-09-16.69	2026-09-16	xor.ad/docs/protocol_RU.md:126	xor.ad/docs/protocol_EN.md:134	Восемь областей внесены в контракт 16.09.2026 — §4.6–4.12 ниже.	The eight areas entered the contract on 2026-09-16 — §4.6–4.12 below.
protocol.2026-09-16.146	2026-09-16	xor.ad/docs/protocol_RU.md:219	xor.ad/docs/protocol_EN.md:230	Кадры сокета — только от узла к клиенту; действия человека идут подписанными запросами — решено 16.09.2026	Socket frames flow from the node to the client only; a person's actions travel as signed requests — decided 2026-09-16
protocol.2026-09-16.311	2026-09-16	xor.ad/docs/protocol_RU.md:451	xor.ad/docs/protocol_EN.md:462	Форма ошибки — решено 16.09.2026:	The error shape — decided 2026-09-16:
chat.2026-09-16.668	2026-09-16	xor.ad/docs/chat_RU.md:696	xor.ad/docs/chat_EN.md:702	идут подписанными запросами, а не кадрами; решено 16.09.2026	travel as signed requests, not frames; decided 2026-09-16
chat.2026-09-17.1022	2026-09-17	xor.ad/docs/chat_RU.md:1037	xor.ad/docs/chat_EN.md:1050	DDL — 17.09.2026 (проход 4)	DDL on 2026-09-17 (pass 4)
chat.2026-09-18.871	2026-09-18	xor.ad/docs/chat_RU.md:878	xor.ad/docs/chat_EN.md:887	Уход снимает и поставленные лайки — решение владельца 18.09.2026:	Stepping away also removes the likes given — the owner's decision of 2
chat.2026-09-18.677	2026-09-18	xor.ad/docs/chat_RU.md:677	xor.ad/docs/chat_EN.md:682	Первый круг за свежим столом открывает кнопка «начать игру» — решение 	The first round at a fresh table is opened by a "start the game" butto
design-system-app.2026-09-18.motion	2026-09-18	xor.ad/docs/design-system-app_RU.md	xor.ad/docs/design-system-app_EN.md	Едет только то, что случилось — решение владельца 18.09.2026:	Only what happened moves — the owner's decision of 2026-09-18:
design-system-app.2026-09-18.typography	2026-09-18	xor.ad/docs/design-system-app_RU.md	xor.ad/docs/design-system-app_EN.md	Шесть ступеней и два веса — решение владельца 18.09.2026:	Six steps and two weights — the owner's decision of 2026-09-18:
design-system-app.2026-09-18.surfaces	2026-09-18	xor.ad/docs/design-system-app_RU.md	xor.ad/docs/design-system-app_EN.md	Карточка — заливкой, поле — рамкой; решение владельца 18.09.2026.	A card by fill, a field by border; the owner's decision of 2026-09-18.
design-system-app.2026-09-18.signs	2026-09-18	xor.ad/docs/design-system-app_RU.md	xor.ad/docs/design-system-app_EN.md	Три знака в форме — решение кворума линз 18.09.2026	Three signs in form — the lens quorum's decision of 2026-09-18
design-system-app.2026-09-18.empty-nav	2026-09-18	xor.ad/docs/design-system-app_RU.md	xor.ad/docs/design-system-app_EN.md	Пустые состояния, шапка и таббар — решение кворума линз 18.09.2026, второй круг	Empty states, the header and the tab bar — the lens quorum's decision of 2026-09-18, second round
chat.2026-09-18.waiting	2026-09-18	xor.ad/docs/chat_RU.md	xor.ad/docs/chat_EN.md	Беседа открывается у первого нажавшего сразу и ждёт второго — решение владельца 18.09.2026:	The conversation opens for the first to press at once and waits for the second — the owner's decision of 2026-09-18:
sosed-step-away.2026-09-18.default	2026-09-18	sosed.place/docs/20-step-away_RU.md:12	sosed.place/docs/20-step-away_EN.md:12	Срок не предвыбран — решение владельца 18.09.2026.	No duration is preselected — the owner's decision of 2026-09-18.
neighbro-step-away.2026-09-18.default	2026-09-18	neighbro.place/docs/20-step-away_RU.md:12	neighbro.place/docs/20-step-away_EN.md:12	Срок не предвыбран — решение владельца 18.09.2026.	No duration is preselected — the owner's decision of 2026-09-18.
design-system-app.2026-09-18.spark	2026-09-18	xor.ad/docs/design-system-app_RU.md:156	xor.ad/docs/design-system-app_EN.md:164	Огонёк — решение владельца 18.09.2026.	Spark — the owner's decision of 2026-09-18.
design-system-app.2026-09-20.brands	2026-09-20	xor.ad/docs/design-system-app_RU.md:352	xor.ad/docs/design-system-app_EN.md:368	Одна механика, один кит, два узнаваемых лица — ночной бриф 20.09.2026 по просьбе владельца	One mechanic, one kit, two recognisable faces — the night brief of 2026-09-20 at the owner's
chat.2026-09-20.contrast	2026-09-20	xor.ad/docs/chat_RU.md	xor.ad/docs/chat_EN.md	стояло 'max', а доступность и контракт API зовут её 'maximum'	was 'max', while accessibility and the API canon both say 'maximum'
chat.2026-09-20.accents	2026-09-20	xor.ad/docs/chat_RU.md	xor.ad/docs/chat_EN.md	'gold', 'crimson' и 'teal' — имена токенов категорий --cat-*, а не акцентов	'gold', 'crimson' and 'teal' are names of the category tokens --cat-*, not accents
chat.2026-09-20.filterage	2026-09-20	xor.ad/docs/chat_RU.md	xor.ad/docs/chat_EN.md	любое целое внутри полосы (17.09.2026; внесены в CREATE 20.09.2026)	any integer inside the band (2026-09-17; moved into CREATE on 2026-09-20)
chat.2026-09-20.noncesize	2026-09-20	xor.ad/docs/chat_RU.md	xor.ad/docs/chat_EN.md	20.09.2026: стояло pg_column_size — она STABLE, а не IMMUTABLE	2026-09-20: was pg_column_size, which is STABLE rather than IMMUTABLE
chat.2026-09-20.indexname	2026-09-20	xor.ad/docs/chat_RU.md	xor.ad/docs/chat_EN.md	имя дано 20.09.2026: безымянный индекс отказывает в переносе сообщением, которое человек не прочтёт	named 2026-09-20: an anonymous index refuses a transfer with a message no person can read
chat.2026-09-20.signupmark	2026-09-20	xor.ad/docs/chat_RU.md	xor.ad/docs/chat_EN.md	Заведена 20.09.2026 по панели ревью: пометка была обещана абзацем ниже и не имела носителя	Added 2026-09-20 after the review panel: the mark was promised by the paragraph below and had no carrier
chat.2026-09-20.firstpin	2026-09-20	xor.ad/docs/chat_RU.md	xor.ad/docs/chat_EN.md	расходуется самим POST /vault/init тем же UPDATE … WHERE first_pin_grant_at > now() - interval '1 hour' RETURNING	spent by POST /vault/init itself with the same UPDATE … WHERE first_pin_grant_at > now() - interval '1 hour' RETURNING
chat.2026-09-21.densitywindow	2026-09-21	xor.ad/docs/chat_RU.md:1810	xor.ad/docs/chat_EN.md:1843	окно — час, решение владельца 21.09.2026	owner's decision of 2026-09-21 — this said
chat.2026-09-22.nameverdict	2026-09-22	xor.ad/docs/chat_RU.md:867	xor.ad/docs/chat_EN.md:876	Один вердикт на оба — решение владельца 22.09.2026	One verdict for both — the owner's decision of 2026-09-22
chat.2026-09-22.firstname	2026-09-22	xor.ad/docs/chat_RU.md:867	xor.ad/docs/chat_EN.md:876	Имя при регистрации принимается сразу, в очередь идёт каждая смена — решение владельца 22.09.2026	The name is accepted at registration, and every change goes to the queue — the owner's decision of 2026-09-22
depth.2026-09-23.step7	2026-09-23	xor.ad/docs/roadmap_RU.md:160	xor.ad/docs/roadmap_EN.md:171	в ленте «скрыть» и «заблокировать», экран скрытого с возвратом	"hide" and "block" in the feed, the hidden list with a way back
ci.2026-09-24.database-suites	2026-09-24	xor.ad/docs/roadmap_RU.md:63	xor.ad/docs/roadmap_EN.md:68	10 наборов, 276 тестов	9 of the 10 ran only locally
protocol.2026-09-24.slot503	2026-09-24	xor.ad/docs/protocol_RU.md:483	xor.ad/docs/protocol_EN.md:497	сам ответил 503 — решение владельца 24.09.2026	back when the node itself answered 503 — the owner's decision of 2026-09-24
chat.2026-09-24.queueaway	2026-09-24	xor.ad/docs/chat_RU.md:886	xor.ad/docs/chat_EN.md:895	действует и в отлучку, решение владельца 24.09.2026	holds during a time away too, the owner's decision of 2026-09-24
