# Файлы, чьи незакрытые пункты ведутся в них самих и в реестр открытых не идут.
#
# Реестр open.tsv держит то, что ждёт решения: развилку, которую надо выбрать,
# обязательство без срока, работу, блокирующую другую работу. Незакрытая галочка
# в чеклисте — не всегда это: чеклист рефакторинга или дорожная карта ведут свою
# работу сами, и переписывать их в реестр значит держать один список дважды.
#
# Но и молчать нельзя: пока файл не объявлен здесь, его пункты просто не
# посмотрены. Поэтому строка называет файл, число незакрытых пунктов в нём и
# причину. Число сверяется с явью: разошлось — файл изменился, и его пункты надо
# посмотреть заново.
#
# Виды:
#   checklist.own   пункты ведутся в самом чеклисте, у них есть свой владелец
#   historical      документ-снимок: пункты описывают прошлое состояние
#   external        пункты чужого документа (договор поставщика, его условия)
#
# Колонки: file, count, kind, why
file	count	kind	why
xor.ad/docs/offers/CHECKLIST_RU.md	37	checklist.own	чеклист офферов ведёт свою работу сам; в реестр идут только развилки из него
xor.ad/docs/panel-refactor_RU.md	23	checklist.own	план рефакторинга панели: пункты — шаги работы, а не открытые вопросы
xor.ad/docs/roadmap_RU.md	22	historical	дорожная карта объявлена историческим документом (снимок на 7 июля 2026)
xor.ad/docs/app-ui-notes_RU.md	16	checklist.own	заметки по интерфейсу: пункты правятся вместе с экранами
xor.ad/docs/legal-archive/bunny-dpa_RU.md	3	external	пункты разбора чужого договора, наша сторона их не закрывает
xor.ad/docs/article-30-register_RU.md	3	checklist.own	реестр обработки ведёт свои пункты сам, срок ежегодной сверки — в open.tsv
sosed.place/docs/SEO_AND_ANALYTICS_RU.md	2	checklist.own	пункты SEO витрины ведутся в её собственном списке
xor.ad/docs/legal-archive/resend-dpa_RU.md	1	external	пункт разбора чужих условий обработки
xor.ad/docs/dsa/CHECKLIST_RU.md	2	checklist.own	карточка оффера ведётся записью DSA-report-menu вместе с меню сообщения; статус микропредприятия — записью J9
