# shot (testing/screenshots/<set>/<shot>.png)	sheet (panel/design/<sheet>.svg)	phone (0-based; a comic sheet is one phone)	what the phone shows
# Since 02.10.2026 the reference is the comic sheets, panel/design/sheets-comic (scripts/design/comic-sheets.py):
# each light shot against <Screen>.svg, each dark one against <Screen>-dark.svg. The old sheets stay for the panel.
Splash-light	sheets-comic/Splash	0	Splash, day scheme
Splash-dark	sheets-comic/Splash-dark	0	Splash, night scheme
Composer-light	sheets-comic/Composer	0	Composer, day scheme
Composer-dark	sheets-comic/Composer-dark	0	Composer, night scheme
Register-1-light	sheets-comic/Register-1	0	Register-1, day scheme
Register-1-dark	sheets-comic/Register-1-dark	0	Register-1, night scheme
Register-2-light	sheets-comic/Register-2	0	Register-2, day scheme
Register-2-dark	sheets-comic/Register-2-dark	0	Register-2, night scheme
Register-light	sheets-comic/Register	0	Register, day scheme
Register-dark	sheets-comic/Register-dark	0	Register, night scheme
Feed-light	sheets-comic/Feed	0	Feed, day scheme
Feed-dark	sheets-comic/Feed-dark	0	Feed, night scheme
Match-light	sheets-comic/Match	0	Match, day scheme
Match-dark	sheets-comic/Match-dark	0	Match, night scheme
Match-waiting-light	sheets-comic/Match-waiting	0	Match-waiting, day scheme
Match-waiting-dark	sheets-comic/Match-waiting-dark	0	Match-waiting, night scheme
Inbox-light	sheets-comic/Inbox	0	Inbox, day scheme
Inbox-dark	sheets-comic/Inbox-dark	0	Inbox, night scheme
Me-light	sheets-comic/Me	0	Me, day scheme
Me-dark	sheets-comic/Me-dark	0	Me, night scheme
Blocked-light	sheets-comic/Blocked	0	Blocked, day scheme
Blocked-dark	sheets-comic/Blocked-dark	0	Blocked, night scheme
Chat-light	sheets-comic/Chat	0	Chat, day scheme
Chat-dark	sheets-comic/Chat-dark	0	Chat, night scheme
Me-away-light	sheets-comic/Me-away	0	Me-away, day scheme
Me-away-dark	sheets-comic/Me-away-dark	0	Me-away, night scheme
Card-light	sheets-comic/Card	0	Card, day scheme
Card-dark	sheets-comic/Card-dark	0	Card, night scheme
Likes-light	sheets-comic/Likes	0	Likes, day scheme
Likes-dark	sheets-comic/Likes-dark	0	Likes, night scheme
Cabinet-sign-in-light	sheets-comic/Cabinet-sign-in	0	Cabinet-sign-in, day scheme
Cabinet-sign-in-dark	sheets-comic/Cabinet-sign-in-dark	0	Cabinet-sign-in, night scheme
Cabinet-offers-light	sheets-comic/Cabinet-offers	0	Cabinet-offers, day scheme
Cabinet-offers-dark	sheets-comic/Cabinet-offers-dark	0	Cabinet-offers, night scheme
Offer-light	sheets-comic/Offer	0	Offer, day scheme
Offer-dark	sheets-comic/Offer-dark	0	Offer, night scheme
Unlock-light	sheets-comic/Unlock	0	Unlock, day scheme
Unlock-dark	sheets-comic/Unlock-dark	0	Unlock, night scheme
Departure-light	sheets-comic/Departure	0	Departure, day scheme
Departure-dark	sheets-comic/Departure-dark	0	Departure, night scheme
Arrival-light	sheets-comic/Arrival	0	Arrival, day scheme
Arrival-dark	sheets-comic/Arrival-dark	0	Arrival, night scheme
Statements-light	sheets-comic/Statements	0	Statements, day scheme
Statements-dark	sheets-comic/Statements-dark	0	Statements, night scheme
Me-edit-name-light	sheets-comic/Me-edit-name	0	Me-edit-name, day scheme
Me-edit-name-dark	sheets-comic/Me-edit-name-dark	0	Me-edit-name, night scheme
NewTable-light	sheets-comic/NewTable	0	NewTable, day scheme
NewTable-dark	sheets-comic/NewTable-dark	0	NewTable, night scheme
Table-light	sheets-comic/Table	0	Table, day scheme
Table-dark	sheets-comic/Table-dark	0	Table, night scheme
TableBoards-light	sheets-comic/TableBoards	0	TableBoards, day scheme
TableBoards-dark	sheets-comic/TableBoards-dark	0	TableBoards, night scheme
Cabinet-venues-light	sheets-comic/Cabinet-venues	0	Cabinet-venues, day scheme
Cabinet-venues-dark	sheets-comic/Cabinet-venues-dark	0	Cabinet-venues, night scheme
Cabinet-new-offer-light	sheets-comic/Cabinet-new-offer	0	Cabinet-new-offer, day scheme
Cabinet-new-offer-dark	sheets-comic/Cabinet-new-offer-dark	0	Cabinet-new-offer, night scheme
