# shot	share of differing pixels, %	left edge off the sheet, px (scripts/check-web-design.sh --write-baseline, 02.10.2026; only ever lowered)
sosed-Arrival-light	29.84	0
sosed-Feed-light	36.32	0
sosed-Card-light	19.68	0
sosed-Card-liked-light	21.22	0
sosed-Card-more-light	53.76	0
sosed-Composer-light	17.81	1
sosed-Match-light	42.26	0
sosed-Chat-light	19.60	1
sosed-Me-light	30.61	0
sosed-Arrival-dark	29.13	0
sosed-Feed-dark	35.69	0
sosed-Card-dark	19.21	0
sosed-Card-liked-dark	20.61	0
sosed-Card-more-dark	53.67	0
sosed-Composer-dark	16.33	1
sosed-Match-dark	42.12	0
sosed-Chat-dark	18.85	1
sosed-Me-dark	28.92	0
neighbro-Arrival-light	13.25	1.5
neighbro-Feed-light	19.49	0.5
neighbro-Card-light	19.52	0
neighbro-Card-liked-light	17.72	0
neighbro-Card-more-light	18.56	5.5
neighbro-Composer-light	17.55	0
neighbro-Match-light	25.36	0
neighbro-Chat-light	15.88	3.5
neighbro-Me-light	12.03	15.5
neighbro-Arrival-dark	13.19	13
neighbro-Feed-dark	19.05	0
neighbro-Card-dark	19.47	0
neighbro-Card-liked-dark	17.58	0
neighbro-Card-more-dark	18.00	5.5
neighbro-Composer-dark	17.68	0
neighbro-Match-dark	25.69	0
neighbro-Chat-dark	16.14	13
neighbro-Me-dark	12.03	15.5
